时间,目标力,制动压力,踏板位移,踏板力,FL_RR,FR_RL,FL,FR,RL,RR
34:02.2,350,0,7.278,62.702,0.085,0.083,0.087,0.087,0.093,0.06
34:02.2,350,0.3,7.415,60.665,0.089,0.093,0.091,0.111,0.093,0.081
34:02.2,350,0,7.447,59.774,0.105,0.083,0.1,0.099,0.108,0.039
34:02.3,350,0.3,7.532,63.657,0.098,0.109,0.104,0.093,0.112,0.069
34:02.3,350,0.3,7.632,67.603,0.095,0.115,0.097,0.119,0.101,0.074
34:02.3,350,0.3,7.701,65.375,0.102,0.095,0.108,0.096,0.126,0.08
34:02.3,350,0.3,7.811,64.23,0.088,0.119,0.095,0.119,0.105,0.078
34:02.3,350,0.3,7.753,66.903,0.13,0.102,0.113,0.118,0.126,0.101
34:02.4,350,0.3,7.996,70.659,0.108,0.116,0.097,0.135,0.117,0.082
34:02.4,350,0.3,7.947,68.94,0.121,0.101,0.117,0.119,0.122,0.088
34:02.4,350,0.3,8.103,68.24,0.119,0.117,0.118,0.141,0.131,0.108
34:02.4,350,0.3,8.142,71.868,0.127,0.121,0.132,0.114,0.139,0.1
34:02.5,350,0.3,8.383,68.876,0.124,0.113,0.126,0.134,0.13,0.121
34:02.5,350,0.3,8.363,67.158,0.109,0.121,0.134,0.135,0.152,0.111
34:02.5,350,0.3,8.474,67.54,0.131,0.135,0.141,0.152,0.137,0.132
34:02.5,350,0.3,8.529,75.56,0.136,0.135,0.145,0.142,0.152,0.124
34:02.5,350,0.3,8.61,71.295,0.146,0.119,0.153,0.154,0.143,0.128
34:02.6,350,0.3,8.655,70.213,0.141,0.137,0.145,0.163,0.146,0.132
34:02.6,350,0.3,8.759,75.369,0.167,0.144,0.156,0.17,0.167,0.127
34:02.6,350,0.3,8.837,75.942,0.145,0.146,0.139,0.172,0.153,0.132
34:02.6,350,0.3,8.87,76.197,0.161,0.136,0.174,0.154,0.183,0.136
34:02.6,350,0.3,9.026,78.552,0.154,0.166,0.162,0.18,0.169,0.139
34:02.7,350,0.3,9.055,84.345,0.169,0.148,0.187,0.17,0.203,0.148
34:02.7,350,0.4,9.136,79.252,0.183,0.161,0.182,0.189,0.171,0.157
34:02.7,350,0.3,9.175,78.107,0.189,0.152,0.183,0.2,0.195,0.159
34:02.7,350,0.4,9.402,76.133,0.19,0.182,0.185,0.21,0.198,0.155
34:02.7,350,0.4,9.415,80.589,0.18,0.183,0.196,0.2,0.205,0.157
34:02.8,350,0.4,9.487,81.926,0.188,0.185,0.198,0.214,0.213,0.161
34:02.8,350,0.4,9.552,85.618,0.208,0.195,0.203,0.213,0.219,0.175
34:02.8,350,0.4,9.656,90.01,0.206,0.201,0.207,0.222,0.217,0.176
34:02.8,350,0.4,9.737,88.801,0.206,0.196,0.206,0.219,0.224,0.206
34:02.8,350,0.4,9.841,84.918,0.222,0.21,0.219,0.227,0.244,0.174
34:02.9,350,0.4,9.834,85.745,0.231,0.212,0.227,0.235,0.23,0.204
34:02.9,350,0.4,10.013,92.111,0.218,0.239,0.248,0.25,0.241,0.215
34:02.9,350,0.4,10.019,92.111,0.244,0.221,0.249,0.239,0.269,0.205
34:02.9,350,0.4,10.149,88.355,0.245,0.254,0.25,0.254,0.239,0.221
34:02.9,350,0.4,10.214,92.238,0.258,0.248,0.262,0.258,0.282,0.214
34:03.0,350,0.5,10.341,94.53,0.275,0.257,0.268,0.284,0.258,0.234
34:03.0,350,0.5,10.357,92.493,0.273,0.266,0.293,0.261,0.285,0.249
34:03.0,350,0.5,10.539,92.047,0.276,0.267,0.281,0.296,0.299,0.255
34:03.0,350,0.5,10.578,96.822,0.289,0.288,0.302,0.313,0.276,0.271
34:03.0,350,0.5,10.624,97.204,0.295,0.275,0.3,0.31,0.306,0.258
34:03.1,350,0.5,10.708,94.721,0.299,0.302,0.304,0.312,0.308,0.288
34:03.1,350,0.5,10.776,97.967,0.319,0.311,0.304,0.323,0.333,0.256
34:03.1,350,0.5,10.89,100.705,0.342,0.324,0.329,0.331,0.343,0.298
34:03.1,350,0.5,11.007,101.914,0.296,0.335,0.315,0.353,0.331,0.291
34:03.1,350,0.5,11.137,101.914,0.34,0.328,0.347,0.344,0.341,0.301
34:03.2,350,0.5,11.202,104.46,0.352,0.356,0.349,0.362,0.353,0.318
34:03.2,350,0.5,11.192,107.707,0.357,0.373,0.359,0.356,0.373,0.315
34:03.2,350,0.6,11.299,102.614,0.373,0.37,0.381,0.369,0.383,0.317
34:03.2,350,0.6,11.439,104.779,0.371,0.382,0.376,0.391,0.387,0.346
34:03.2,350,0.6,11.465,110.508,0.378,0.397,0.404,0.4,0.423,0.338
34:03.3,350,0.6,11.546,111.144,0.397,0.4,0.399,0.41,0.411,0.37
34:03.3,350,0.6,11.637,107.771,0.415,0.42,0.402,0.401,0.413,0.38
34:03.3,350,0.6,11.721,106.561,0.419,0.419,0.436,0.424,0.437,0.403
34:03.3,350,0.6,11.838,109.871,0.437,0.415,0.431,0.429,0.452,0.406
34:03.3,350,0.6,11.897,110.572,0.441,0.445,0.447,0.445,0.447,0.416
34:03.4,350,0.6,11.942,111.335,0.454,0.444,0.457,0.467,0.468,0.426
34:03.4,350,0.6,12.056,118.019,0.462,0.481,0.474,0.475,0.47,0.432
34:03.4,350,0.7,12.111,121.902,0.478,0.478,0.49,0.483,0.494,0.466
34:03.4,350,0.7,12.228,116.237,0.484,0.48,0.498,0.507,0.491,0.472
34:03.4,350,0.7,12.296,116.555,0.492,0.494,0.499,0.504,0.509,0.477
34:03.5,350,0.7,12.345,121.075,0.516,0.504,0.525,0.516,0.536,0.488
34:03.5,350,0.7,12.449,125.467,0.52,0.517,0.53,0.548,0.542,0.515
34:03.5,350,0.7,12.54,122.03,0.528,0.547,0.545,0.561,0.541,0.519
34:03.5,350,0.7,12.559,119.547,0.569,0.563,0.576,0.554,0.564,0.55
34:03.5,350,0.8,12.686,120.311,0.573,0.58,0.567,0.606,0.578,0.563
34:03.6,350,0.8,12.748,125.085,0.562,0.579,0.601,0.593,0.613,0.562
34:03.6,350,0.8,12.852,125.213,0.605,0.602,0.599,0.625,0.614,0.557
34:03.6,350,0.8,12.942,128.65,0.621,0.617,0.63,0.638,0.641,0.607
34:03.6,350,0.8,13.03,130.878,0.64,0.64,0.625,0.648,0.649,0.611
34:03.7,350,0.8,13.079,128.523,0.648,0.632,0.667,0.667,0.661,0.619
34:03.7,350,0.9,13.167,126.995,0.663,0.678,0.666,0.673,0.673,0.651
34:03.7,350,0.9,13.209,131.069,0.682,0.68,0.681,0.705,0.702,0.654
34:03.7,350,0.9,13.345,135.398,0.717,0.71,0.705,0.736,0.718,0.692
34:03.7,350,0.9,13.456,130.432,0.716,0.732,0.73,0.736,0.741,0.709
34:03.8,350,1,13.54,132.469,0.741,0.741,0.752,0.741,0.754,0.727
34:03.8,350,1,13.605,130.432,0.749,0.766,0.76,0.771,0.766,0.753
34:03.8,350,1,13.741,133.042,0.775,0.773,0.793,0.786,0.817,0.771
34:03.8,350,1,13.79,135.207,0.795,0.799,0.811,0.8,0.816,0.789
34:03.8,350,1,13.875,141.063,0.815,0.804,0.822,0.816,0.817,0.798
34:03.9,350,1.1,13.933,146.665,0.811,0.851,0.853,0.848,0.859,0.821
34:03.9,350,1.1,14.144,143.227,0.856,0.849,0.88,0.862,0.876,0.837
34:03.9,350,1.1,14.138,140.235,0.895,0.871,0.88,0.892,0.896,0.866
34:03.9,350,1.1,14.196,143.164,0.903,0.899,0.912,0.906,0.912,0.868
34:03.9,350,1.1,14.268,148.32,0.914,0.935,0.918,0.927,0.936,0.906
34:04.0,350,1.2,14.294,150.293,0.954,0.933,0.97,0.953,0.981,0.918
34:04.0,350,1.2,14.449,149.657,1.386,1.357,1.17,1.178,1.107,1.064
34:04.0,350,1.6,14.521,144.691,1.573,1.565,1.43,1.394,1.269,1.188
34:04.0,350,1.7,14.579,140.999,1.546,1.553,1.56,1.522,1.426,1.396
34:04.0,350,1.6,14.765,144.5,1.486,1.478,1.509,1.527,1.485,1.475
34:04.1,350,1.6,14.826,150.421,1.427,1.442,1.523,1.457,1.494,1.447
34:04.1,350,1.6,14.829,156.786,1.44,1.441,1.495,1.457,1.47,1.473
34:04.1,350,1.6,14.998,159.905,1.424,1.457,1.49,1.449,1.464,1.41
34:04.1,350,1.6,14.956,162.133,1.44,1.472,1.491,1.494,1.488,1.448
34:04.1,350,1.6,15.041,161.497,1.568,1.524,1.555,1.529,1.576,1.481
34:04.2,350,1.7,15.216,159.778,1.639,1.613,1.574,1.637,1.561,1.574
34:04.2,350,1.7,15.222,153.794,1.685,1.645,1.654,1.643,1.665,1.581
34:04.2,350,1.8,15.326,152.458,1.687,1.657,1.677,1.682,1.702,1.652
34:04.2,350,1.8,15.388,156.468,1.71,1.703,1.705,1.729,1.708,1.679
34:04.2,350,1.8,15.489,165.507,1.729,1.721,1.737,1.741,1.761,1.702
34:04.3,350,1.9,15.554,168.626,1.774,1.761,1.774,1.75,1.783,1.75
34:04.3,350,1.9,15.703,168.499,1.807,1.791,1.783,1.806,1.792,1.772
34:04.3,350,1.9,15.745,171.936,1.804,1.835,1.828,1.82,1.855,1.779
34:04.3,350,2,15.895,170.536,1.847,1.889,1.861,1.898,1.87,1.846
34:04.3,350,2,15.892,167.481,1.877,1.907,1.887,1.909,1.93,1.865
34:04.4,350,2.1,16.025,163.343,1.938,1.93,1.935,1.93,1.957,1.9
34:04.4,350,2.1,16.083,167.29,1.932,1.958,1.953,1.965,1.959,1.977
34:04.4,350,2.1,16.216,177.538,1.949,2.015,1.974,2.017,2.009,1.961
34:04.4,350,2.1,16.242,179.321,2.026,2.019,2.016,1.989,2.059,1.999
34:04.4,350,2.2,16.359,179.384,2.08,2.058,2.054,2.071,2.059,2.052
34:04.5,350,2.2,16.392,179.703,2.151,2.108,2.093,2.094,2.125,2.057
34:04.5,350,2.3,16.528,172.637,2.17,2.146,2.145,2.165,2.133,2.153
34:04.5,350,2.3,16.548,171.809,2.164,2.182,2.163,2.172,2.19,2.154
34:04.5,350,2.3,16.564,173.846,2.253,2.18,2.215,2.2,2.221,2.186
34:04.5,350,2.4,16.733,183.586,2.254,2.262,2.216,2.263,2.25,2.228
34:04.6,350,2.4,16.752,185.177,2.291,2.276,2.301,2.281,2.315,2.231
34:04.6,350,2.5,16.895,181.294,2.329,2.313,2.284,2.324,2.329,2.321
34:04.6,350,2.5,16.934,185.495,2.348,2.341,2.356,2.354,2.385,2.304
34:04.6,350,2.5,17.041,186.705,2.396,2.406,2.376,2.423,2.409,2.386
34:04.6,350,2.6,17.109,183.904,2.446,2.426,2.424,2.442,2.449,2.375
34:04.7,350,2.6,17.236,183.522,2.438,2.447,2.452,2.467,2.482,2.472
34:04.7,350,2.7,17.288,188.996,2.491,2.516,2.519,2.511,2.539,2.485
34:04.7,350,2.7,17.418,191.861,2.538,2.567,2.565,2.559,2.58,2.513
34:04.7,350,2.7,17.45,185.559,2.569,2.582,2.577,2.589,2.593,2.598
34:04.7,350,2.7,17.593,189.124,2.555,2.642,2.599,2.634,2.621,2.595
34:04.8,350,2.8,17.662,196.317,2.632,2.692,2.654,2.687,2.689,2.658
34:04.8,350,2.9,17.697,193.07,2.647,2.712,2.725,2.715,2.737,2.697
34:04.8,350,2.9,17.782,189.124,2.729,2.779,2.745,2.743,2.778,2.74
34:04.8,350,3,17.918,187.66,2.761,2.828,2.81,2.823,2.848,2.78
34:04.9,350,3,18.009,188.487,2.811,2.876,2.83,2.881,2.867,2.845
34:04.9,350,3.1,18.048,192.052,2.842,2.888,2.879,2.907,2.922,2.875
34:04.9,350,3.1,18.197,201.219,2.877,2.94,2.907,2.933,2.954,2.901
34:04.9,350,3.1,18.282,203.637,2.942,3.015,2.936,3.007,2.968,2.979
34:04.9,350,3.2,18.295,203.892,3.002,3.047,3.015,3.04,3.055,2.977
34:05.0,350,3.3,18.383,198.354,3.016,3.079,3.041,3.086,3.084,3.062
34:05.0,350,3.3,18.532,196.635,3.058,3.129,3.072,3.135,3.11,3.116
34:05.0,350,3.3,18.464,202.746,3.137,3.145,3.139,3.157,3.197,3.115
34:05.0,350,3.4,18.633,203.256,3.157,3.216,3.146,3.207,3.224,3.177
34:05.0,350,3.4,18.73,206.566,3.19,3.258,3.198,3.283,3.223,3.227
34:05.1,350,3.5,18.73,212.04,3.279,3.285,3.297,3.28,3.333,3.237
34:05.1,350,3.5,18.918,208.475,3.305,3.372,3.309,3.361,3.338,3.375
34:05.1,350,3.6,18.922,205.611,3.361,3.388,3.362,3.406,3.409,3.376
34:05.1,350,3.6,18.99,205.165,3.398,3.44,3.407,3.428,3.489,3.392
34:05.1,350,3.7,19.13,208.794,3.463,3.491,3.462,3.527,3.514,3.473
34:05.2,350,3.7,19.169,209.939,3.49,3.524,3.518,3.544,3.546,3.502
34:05.2,350,3.8,19.25,212.613,3.513,3.553,3.542,3.576,3.587,3.539
34:05.2,350,3.8,19.337,218.915,3.55,3.641,3.558,3.644,3.608,3.621
34:05.2,350,3.9,19.399,221.907,3.621,3.651,3.653,3.646,3.703,3.618
34:05.2,350,3.9,19.6,218.469,3.654,3.724,3.659,3.733,3.707,3.72
34:05.3,350,3.9,19.604,217.324,3.666,3.754,3.697,3.732,3.784,3.718
34:05.3,350,4,19.665,224.517,3.723,3.805,3.75,3.784,3.82,3.739
34:05.3,350,4,19.789,225.917,3.792,3.866,3.801,3.867,3.837,3.829
34:05.3,350,4.1,19.86,224.835,3.823,3.911,3.852,3.918,3.92,3.841
34:05.3,350,4.2,19.916,218.788,3.909,3.948,3.931,3.931,3.954,3.92
34:05.4,350,4.2,20.117,221.079,3.9,4.039,3.92,4.017,3.994,4.003
34:05.4,350,4.2,20.013,230.119,3.983,4.057,3.993,4.046,4.079,3.98
34:05.4,350,4.3,20.156,228.973,4.067,4.084,4.035,4.087,4.102,4.071
34:05.4,350,4.3,20.266,235.911,4.046,4.122,4.06,4.126,4.13,4.094
34:05.4,350,4.4,20.328,237.312,4.145,4.169,4.131,4.156,4.189,4.154
34:05.5,350,4.4,20.422,235.402,4.13,4.28,4.144,4.277,4.236,4.213
34:05.5,350,4.5,20.461,230.819,4.216,4.232,4.227,4.232,4.304,4.198
34:05.5,350,4.5,20.62,231.774,4.246,4.3,4.225,4.311,4.302,4.454
34:05.5,350,4.5,20.656,240.622,4.298,4.351,4.288,4.373,4.365,4.452
34:05.5,350,4.6,20.714,240.24,4.355,4.416,4.357,4.402,4.444,4.445
34:05.6,350,4.7,20.815,233.047,4.418,4.46,4.397,4.467,4.475,4.553
34:05.6,350,4.7,20.815,233.429,4.448,4.531,4.445,4.532,4.549,4.393
34:05.6,350,4.8,20.984,233.683,4.494,4.585,4.496,4.584,4.596,4.578
34:05.6,350,4.9,20.987,234.702,4.565,4.606,4.561,4.618,4.673,4.543
34:05.6,350,4.9,21.12,236.675,4.581,4.68,4.591,4.661,4.697,4.565
34:05.7,350,4.9,21.189,243.168,4.643,4.697,4.629,4.713,4.738,4.669
34:05.7,350,5,21.25,247.115,4.689,4.771,4.702,4.773,4.819,4.63
34:05.7,350,5,21.387,242.977,4.693,4.836,4.706,4.822,4.782,4.819
34:05.7,350,5.1,21.429,244.887,4.762,4.827,4.777,4.854,4.847,4.801
34:05.7,350,5.1,21.549,252.207,4.838,4.912,4.826,4.907,4.875,4.981
34:05.8,350,5.2,21.552,254.054,4.88,4.986,4.878,4.973,4.968,5.074
34:05.8,350,5.3,21.666,246.669,4.936,5.029,4.965,5.019,5.026,4.958
34:05.8,350,5.3,21.725,244.314,4.988,5.088,4.986,5.073,5.071,5.025
34:05.8,350,5.4,21.864,247.179,5.04,5.147,5.048,5.134,5.165,5.084
34:05.8,350,5.4,21.952,247.497,5.082,5.202,5.081,5.19,5.159,5.181
34:05.9,350,5.5,21.958,253.29,5.118,5.217,5.136,5.218,5.217,5.275
34:05.9,350,5.5,22.062,262.838,5.162,5.268,5.161,5.29,5.264,5.405
34:05.9,350,5.6,22.166,264.621,5.247,5.346,5.255,5.338,5.36,5.461
34:05.9,350,5.7,22.205,256.982,5.298,5.398,5.31,5.405,5.401,5.431
34:05.9,350,5.7,22.316,252.78,5.359,5.453,5.352,5.449,5.521,5.449
34:06.0,350,5.7,22.413,257.109,5.39,5.509,5.4,5.531,5.566,5.461
34:06.0,350,5.8,22.475,260.165,5.464,5.551,5.479,5.581,5.663,5.471
34:06.0,350,5.9,22.598,264.939,5.489,5.61,5.508,5.585,5.707,5.551
34:06.0,350,5.9,22.692,272.514,5.531,5.685,5.548,5.663,5.74,5.612
34:06.0,350,6,22.826,274.997,5.611,5.727,5.634,5.718,5.827,5.564
34:06.1,350,6,22.832,267.931,5.668,5.787,5.677,5.777,5.789,5.758
34:06.1,350,6.1,22.871,265.512,5.681,5.821,5.733,5.823,5.812,5.814
34:06.1,350,6.2,22.933,268.885,5.792,5.873,5.785,5.89,5.859,5.802
34:06.1,350,6.2,23.118,270.732,5.794,5.963,5.791,5.958,5.913,5.875
34:06.1,350,6.3,23.147,268.376,5.859,5.989,5.887,5.989,6.031,5.899
34:06.2,350,6.3,23.29,267.803,5.928,6.074,5.935,6.071,6.047,6.017
34:06.2,350,6.4,23.361,273.278,5.983,6.124,5.983,6.138,6.106,6.039
34:06.2,350,6.5,23.433,272.005,6.037,6.15,6.059,6.145,6.157,6.142
34:06.2,350,6.5,23.475,277.988,6.051,6.215,6.08,6.224,6.209,6.23
34:06.2,350,6.5,23.517,286.9,6.161,6.247,6.16,6.232,6.271,6.281
34:06.3,350,6.6,23.699,284.736,6.19,6.33,6.205,6.341,6.271,6.395
34:06.3,350,6.7,23.725,280.025,6.194,6.386,6.216,6.393,6.317,6.417
34:06.3,350,6.7,23.748,280.153,6.284,6.381,6.289,6.404,6.432,6.399
34:06.3,350,6.8,23.959,285.182,6.327,6.475,6.324,6.493,6.47,6.5
34:06.3,350,6.9,24.021,290.911,6.393,6.561,6.383,6.581,6.558,6.55
34:06.4,350,6.9,24.121,286.646,6.434,6.62,6.449,6.614,6.62,6.554
34:06.4,350,7,24.105,281.808,6.536,6.647,6.56,6.659,6.723,6.634
34:06.4,350,7,24.225,283.336,6.623,6.733,6.623,6.733,6.746,6.777
34:06.4,350,7.1,24.316,282.699,6.658,6.793,6.627,6.809,6.809,6.836
34:06.5,350,7.2,24.42,291.611,6.668,6.849,6.669,6.849,6.839,6.806
34:06.5,350,7.2,24.456,301.796,6.754,6.877,6.776,6.857,6.971,6.828
34:06.5,350,7.3,24.482,304.279,6.806,6.894,6.821,6.914,6.997,6.889
34:06.5,350,7.3,24.667,304.661,6.84,6.962,6.825,6.988,7.006,6.962
34:06.5,350,7.4,24.751,308.926,6.832,7.041,6.838,7.04,7.038,6.96
34:06.6,350,7.4,24.735,310.008,6.965,7.071,6.96,7.071,7.175,7.01
34:06.6,350,7.5,24.894,302.942,7.034,7.124,7.028,7.132,7.221,7.127
34:06.6,350,7.5,24.985,297.722,7.053,7.233,7.057,7.246,7.208,7.22
34:06.6,350,7.6,25.011,299.122,7.164,7.292,7.155,7.277,7.341,7.242
34:06.6,350,7.7,25.08,299.25,7.222,7.364,7.234,7.342,7.399,7.299
34:06.7,350,7.8,25.122,299.504,7.257,7.368,7.279,7.366,7.402,7.373
34:06.7,350,7.8,25.359,305.806,7.29,7.449,7.275,7.451,7.403,7.466
34:06.7,350,7.8,25.378,318.474,7.317,7.52,7.333,7.512,7.487,7.483
34:06.7,350,7.9,25.437,322.293,7.372,7.566,7.38,7.548,7.574,7.477
34:06.7,350,7.9,25.453,321.02,7.435,7.553,7.463,7.546,7.636,7.54
34:06.8,350,8,25.602,322.166,7.494,7.615,7.507,7.619,7.655,7.653
34:06.8,350,8.1,25.703,323.057,7.572,7.726,7.583,7.71,7.75,7.699
34:06.8,350,8.2,25.81,317.328,7.606,7.813,7.633,7.781,7.796,7.745
34:06.8,350,8.2,25.84,315.164,7.65,7.831,7.687,7.793,7.866,7.789
34:06.8,350,8.3,25.979,321.02,7.726,7.874,7.71,7.884,7.916,7.87
34:06.9,350,8.3,26.018,327.895,7.8,7.926,7.827,7.924,8.004,7.924
34:06.9,350,8.4,26.109,325.476,7.854,7.974,7.837,7.997,8.015,7.991
34:06.9,350,8.4,26.184,324.649,7.854,8.062,7.857,8.053,8.076,8.009
34:06.9,350,8.5,26.31,330.696,7.936,8.104,7.945,8.127,8.156,8.04
34:06.9,350,8.6,26.382,332.097,8.009,8.184,8.024,8.176,8.182,8.145
34:07.0,350,8.6,26.447,329.296,8.052,8.211,8.084,8.205,8.248,8.187
34:07.0,350,8.7,26.564,330.632,8.09,8.274,8.104,8.283,8.326,8.22
34:07.0,350,8.8,26.616,337.189,8.162,8.343,8.192,8.335,8.379,8.306
34:07.0,350,8.8,26.713,338.59,8.236,8.383,8.241,8.398,8.413,8.365
34:07.0,350,8.9,26.794,335.534,8.299,8.464,8.284,8.465,8.463,8.399
34:07.1,350,8.9,26.863,337.953,8.37,8.545,8.378,8.509,8.544,8.453
34:07.1,350,9,27.031,333.879,8.406,8.582,8.396,8.597,8.554,8.573
34:07.1,350,9,27.057,335.789,8.399,8.551,8.437,8.582,8.558,8.588
34:09.1,350,8.8,26.353,310.772,8.174,8.089,8.163,8.122,8.128,8.15
34:09.2,350,8.7,26.323,312.108,8.137,8.114,8.144,8.132,8.143,8.107
34:09.2,350,8.7,26.366,310.008,8.133,8.097,8.127,8.123,8.121,8.12
34:09.2,350,8.8,26.297,309.944,8.124,8.091,8.155,8.115,8.146,8.101
34:09.2,350,8.7,26.291,310.517,8.115,8.092,8.139,8.117,8.128,8.116
34:09.2,350,8.8,26.275,310.326,8.117,8.037,8.141,8.037,8.076,8.038
34:09.3,350,8.7,26.252,313.254,8.058,7.898,8.076,7.899,7.948,7.974
34:09.3,350,8.6,26.33,321.148,7.968,7.758,7.996,7.754,7.79,7.802
34:09.3,350,8.6,26.242,324.203,7.891,7.607,7.919,7.648,7.707,7.683
34:09.3,350,8.5,26.242,323.758,7.849,7.588,7.861,7.6,7.62,7.631
34:09.3,350,8.4,26.226,323.948,7.78,7.516,7.811,7.531,7.55,7.553
34:09.4,350,8.4,26.229,323.694,7.664,7.375,7.658,7.402,7.398,7.435
34:09.4,350,8.2,26.219,322.293,7.546,7.264,7.584,7.292,7.325,7.318
34:09.4,350,8.1,26.194,323.185,7.49,7.266,7.512,7.266,7.275,7.277
34:09.4,350,8.1,26.174,319.238,7.477,7.262,7.501,7.259,7.301,7.225
34:09.5,350,8,26.2,312.363,7.49,7.25,7.498,7.233,7.264,7.276
34:09.5,350,8.1,26.219,308.671,7.464,7.254,7.461,7.27,7.27,7.254
34:09.5,350,8,26.187,309.753,7.46,7.255,7.474,7.234,7.276,7.228
34:09.5,350,8,26.122,307.78,7.453,7.202,7.466,7.203,7.273,7.228
34:09.5,350,8,26.155,308.289,7.394,7.145,7.425,7.151,7.185,7.162
34:09.6,350,8,26.112,316.119,7.339,7.066,7.366,7.092,7.1,7.093
34:09.6,350,7.9,26.09,321.53,7.324,7.076,7.347,7.08,7.11,7.076
34:09.6,350,7.9,26.07,318.219,7.316,7.056,7.312,7.089,7.086,7.089
34:09.6,350,7.8,26.077,310.199,7.275,7.053,7.296,7.066,7.085,7.054
34:09.6,350,7.8,26.106,308.098,7.262,7.017,7.271,7.029,7.05,7.016
34:09.7,350,7.8,26.057,308.862,7.252,6.956,7.247,6.989,6.995,6.995
34:09.7,350,7.8,26.06,313.636,7.201,6.973,7.206,6.996,6.955,6.971
34:09.7,350,7.8,26.038,316.692,7.163,6.891,7.18,6.901,6.943,6.949
34:09.7,350,7.7,25.992,319.111,7.133,6.85,7.155,6.867,6.898,6.875
34:09.7,350,7.6,25.96,318.729,7.061,6.799,7.086,6.812,6.843,6.822
34:09.8,350,7.6,25.96,318.092,7.015,6.749,7.029,6.782,6.754,6.782
34:09.8,350,7.5,25.979,318.219,6.976,6.724,6.997,6.728,6.758,6.741
34:09.8,350,7.5,25.992,317.71,6.949,6.73,6.978,6.738,6.745,6.726
34:09.8,350,7.5,25.973,313.763,6.96,6.742,6.959,6.751,6.755,6.721
34:09.8,350,7.5,25.937,304.979,6.971,6.731,6.97,6.725,6.78,6.741
34:09.9,350,7.5,25.908,304.151,6.953,6.715,6.963,6.744,6.763,6.757
34:09.9,350,7.5,25.921,303.642,6.93,6.732,6.942,6.749,6.744,6.739
34:09.9,350,7.5,25.888,303.897,6.943,6.712,6.96,6.722,6.728,6.716
34:09.9,350,7.5,25.882,304.661,6.925,6.682,6.939,6.682,6.717,6.691
34:09.9,350,7.4,25.93,303.769,6.899,6.677,6.917,6.682,6.69,6.682
34:10.0,350,7.4,25.891,304.788,6.883,6.664,6.914,6.671,6.669,6.658
34:10.0,350,7.4,25.872,305.17,6.87,6.622,6.91,6.597,6.634,6.641
34:10.0,350,7.4,25.888,309.753,6.845,6.585,6.864,6.609,6.595,6.607
34:10.0,350,7.4,25.836,315.418,6.856,6.588,6.869,6.576,6.613,6.594
34:10.0,350,7.4,25.849,314.909,6.858,6.597,6.862,6.607,6.624,6.599
34:10.1,350,7.4,25.823,310.772,6.825,6.591,6.849,6.595,6.61,6.609
34:10.1,350,7.4,25.771,305.997,6.806,6.577,6.811,6.58,6.6,6.589
34:10.1,350,7.3,25.784,303.706,6.811,6.537,6.82,6.585,6.589,6.569
34:10.1,350,7.3,25.843,305.615,6.791,6.549,6.801,6.557,6.574,6.58
34:10.1,350,7.3,25.765,305.297,6.754,6.538,6.795,6.55,6.567,6.523
34:10.2,350,7.3,25.745,304.788,6.775,6.541,6.807,6.542,6.579,6.545
34:10.2,350,7.3,25.719,301.669,6.729,6.52,6.79,6.55,6.556,6.53
34:10.2,350,7.3,25.693,302.814,6.727,6.5,6.762,6.499,6.556,6.485
34:10.2,350,7.3,25.745,309.435,6.723,6.461,6.755,6.48,6.504,6.476
34:10.2,350,7.2,25.732,314.336,6.701,6.445,6.727,6.484,6.483,6.456
34:10.3,350,7.2,25.713,313.763,6.702,6.443,6.711,6.447,6.491,6.465
34:10.3,350,7.2,25.706,312.681,6.706,6.463,6.699,6.48,6.48,6.493
34:10.3,350,7.2,25.687,306.125,6.689,6.489,6.702,6.503,6.506,6.481
34:10.3,350,7.2,25.687,301.669,6.676,6.499,6.714,6.519,6.513,6.46
34:10.3,350,7.2,25.622,300.65,6.712,6.471,6.717,6.507,6.528,6.491
34:10.4,350,7.2,25.713,298.104,6.689,6.489,6.695,6.502,6.507,6.5
34:10.4,350,7.2,25.684,298.613,6.696,6.49,6.7,6.502,6.519,6.5
34:10.4,350,7.2,25.635,298.486,6.697,6.463,6.71,6.471,6.517,6.484
34:10.4,350,7.2,25.596,298.549,6.675,6.441,6.676,6.478,6.477,6.464
34:10.4,350,7.2,25.632,298.868,6.643,6.43,6.664,6.433,6.458,6.441
34:10.5,350,7.1,25.599,301.35,6.63,6.394,6.646,6.393,6.43,6.385
34:10.5,350,7.1,25.596,305.106,6.623,6.354,6.63,6.374,6.395,6.39
34:10.5,350,7.1,25.557,311.344,6.606,6.352,6.608,6.339,6.381,6.352
34:10.5,350,7.1,25.599,312.299,6.592,6.358,6.619,6.385,6.385,6.363
34:10.5,350,7.1,25.57,310.39,6.592,6.373,6.6,6.393,6.382,6.384
34:10.6,350,7.1,25.602,305.806,6.588,6.371,6.599,6.358,6.396,6.348
34:10.6,350,7.1,25.528,300.65,6.602,6.342,6.602,6.358,6.402,6.352
34:10.6,350,7.1,25.534,299.759,6.564,6.328,6.582,6.361,6.366,6.35
34:10.6,350,7.1,25.531,300.396,6.58,6.313,6.577,6.328,6.364,6.332
34:10.7,350,7.1,25.576,299.886,6.573,6.319,6.588,6.332,6.346,6.32
34:10.7,350,7,25.55,298.74,6.536,6.328,6.568,6.333,6.343,6.322
34:10.7,350,7.1,25.518,298.422,6.571,6.338,6.563,6.328,6.352,6.319
34:10.7,350,7.1,25.518,296.64,6.546,6.326,6.576,6.324,6.353,6.323
34:10.7,350,7,25.518,296.067,6.542,6.32,6.569,6.317,6.345,6.311
34:10.8,350,7,25.46,296.067,6.537,6.269,6.54,6.284,6.285,6.295
34:10.8,350,7,25.45,301.669,6.488,6.242,6.527,6.254,6.272,6.256
34:10.8,350,7,25.482,308.798,6.478,6.198,6.506,6.229,6.251,6.236
34:10.8,350,7,25.534,309.88,6.476,6.216,6.483,6.219,6.223,6.221
34:10.8,350,7,25.424,309.435,6.474,6.204,6.493,6.217,6.242,6.226
34:10.9,350,7,25.424,309.689,6.453,6.228,6.465,6.241,6.251,6.24
34:10.9,350,7,25.401,306.634,6.45,6.251,6.481,6.26,6.256,6.237
34:10.9,350,7,25.434,299.122,6.459,6.238,6.494,6.26,6.274,6.219
34:10.9,350,6.9,25.398,293.903,6.474,6.253,6.474,6.259,6.298,6.264
34:10.9,350,7,25.398,293.33,6.462,6.263,6.466,6.298,6.278,6.28
34:11.0,350,7,25.372,294.794,6.448,6.261,6.469,6.271,6.302,6.248
34:11.0,350,7,25.343,295.112,6.482,6.267,6.491,6.248,6.285,6.25
34:11.0,350,7,25.352,293.393,6.467,6.238,6.482,6.248,6.294,6.263
34:11.0,350,6.9,25.388,293.457,6.439,6.258,6.46,6.275,6.261,6.25
34:11.0,350,6.9,25.313,294.157,6.448,6.221,6.469,6.226,6.269,6.233
34:11.1,350,6.9,25.336,293.33,6.454,6.227,6.46,6.214,6.241,6.234
34:11.1,350,6.9,25.323,293.775,6.443,6.22,6.458,6.227,6.248,6.23
34:11.1,350,6.9,25.349,294.921,6.438,6.225,6.443,6.211,6.25,6.213
34:11.1,350,6.9,25.304,294.284,6.41,6.191,6.446,6.198,6.225,6.203
34:11.1,350,6.9,25.304,294.221,6.387,6.163,6.404,6.189,6.187,6.182
34:11.2,350,6.9,25.287,298.422,6.375,6.131,6.389,6.128,6.176,6.135
34:11.2,350,6.9,25.33,304.724,6.355,6.096,6.363,6.122,6.133,6.116
34:11.2,350,6.8,25.287,305.679,6.361,6.12,6.372,6.13,6.15,6.122
34:11.2,350,6.9,25.291,305.361,6.369,6.141,6.391,6.156,6.181,6.133
34:11.2,350,6.9,25.291,301.987,6.371,6.163,6.384,6.174,6.164,6.152
34:11.3,350,6.9,25.278,296.449,6.369,6.134,6.367,6.148,6.157,6.143
34:11.3,350,6.9,25.281,294.03,6.35,6.1,6.374,6.135,6.156,6.141
34:11.3,350,6.8,25.232,294.475,6.328,6.122,6.36,6.151,6.143,6.126
34:11.3,350,6.8,25.219,294.157,6.345,6.117,6.363,6.126,6.141,6.105
34:11.3,350,6.8,25.242,295.176,6.341,6.116,6.347,6.135,6.156,6.116
34:11.4,350,6.8,25.219,292.375,6.346,6.135,6.347,6.136,6.17,6.122
34:11.4,350,6.8,25.206,292.884,6.333,6.106,6.354,6.122,6.156,6.116
34:11.4,350,6.8,25.226,291.356,6.339,6.119,6.347,6.132,6.154,6.108
34:11.4,350,6.8,25.209,292.566,6.319,6.106,6.347,6.111,6.128,6.107
34:11.4,350,6.8,25.239,292.629,6.287,6.055,6.317,6.07,6.091,6.08
34:11.5,350,6.8,25.17,299.313,6.296,6.038,6.319,6.046,6.08,6.052
34:11.5,350,6.7,25.265,304.024,6.272,6.031,6.295,6.031,6.048,6.024
34:11.5,350,6.7,25.148,307.016,6.272,6.004,6.284,6.022,6.044,6.028
34:11.5,350,6.7,25.161,304.088,6.27,6.021,6.267,6.014,6.041,6.011
34:11.5,350,6.7,25.144,305.488,6.234,6.009,6.26,6.023,6.037,6.009
34:11.6,350,6.7,25.086,303.451,6.262,5.997,6.272,6.046,6.07,6.024
34:11.6,350,6.7,25.177,300.014,6.26,6.029,6.276,6.044,6.065,6.039
34:11.6,350,6.7,25.148,296.703,6.242,6.05,6.275,6.057,6.057,6.036
34:11.6,350,6.7,25.138,290.147,6.263,6.046,6.28,6.06,6.091,6.048
34:11.6,350,6.7,25.128,289.765,6.289,6.057,6.272,6.076,6.092,6.059
34:11.7,350,6.7,25.122,289.765,6.256,6.058,6.266,6.076,6.08,6.082
34:11.7,350,6.7,25.083,291.611,6.245,6.065,6.267,6.068,6.085,6.044
34:11.7,350,6.7,25.063,290.529,6.262,6.063,6.273,6.066,6.101,6.067
34:11.7,350,6.7,25.102,289.001,6.25,6.066,6.286,6.072,6.084,6.065
34:11.7,350,6.7,25.044,290.529,6.245,6.053,6.264,6.07,6.065,6.063
34:11.8,350,6.7,25.109,289.829,6.219,6.033,6.256,6.051,6.065,6.035
34:11.8,350,6.7,25.063,292.629,6.206,5.974,6.245,5.98,6.017,6
34:11.8,350,6.7,25.07,297.404,6.182,5.941,6.211,5.945,5.967,5.968
34:11.8,350,6.6,25.063,301.923,6.178,5.954,6.208,5.96,5.989,5.947
34:11.8,350,6.6,25.06,301.732,6.169,5.944,6.189,5.974,5.967,5.957
34:11.9,350,6.7,25.054,302.051,6.182,5.945,6.198,5.957,5.968,5.935
34:11.9,350,6.7,25.096,301.923,6.173,5.941,6.186,5.96,5.951,5.942
34:11.9,350,6.6,24.992,302.433,6.15,5.951,6.181,5.95,5.96,5.942
34:11.9,350,6.6,24.989,300.523,6.163,5.933,6.179,5.952,5.965,5.936
34:11.9,350,6.6,25.008,299.186,6.152,5.941,6.178,5.941,5.948,5.955
34:12.0,350,6.6,25.011,297.595,6.169,5.949,6.172,5.951,5.948,5.926
34:12.0,350,6.6,24.979,297.467,6.14,5.925,6.175,5.924,5.978,5.928
34:12.0,350,6.6,25.008,293.775,6.16,5.948,6.172,5.952,5.97,5.952
34:12.0,350,6.6,25.063,291.993,6.148,5.945,6.174,5.968,5.968,5.947
34:12.0,350,6.6,25.083,291.102,6.144,5.924,6.16,5.931,6.007,5.933
34:12.1,350,6.6,25.002,287.473,6.157,5.942,6.174,5.947,5.973,5.954
34:12.1,350,6.6,25.034,287.855,6.151,5.95,6.156,5.961,5.948,5.973
34:12.1,350,6.6,24.969,289.638,6.145,5.952,6.159,5.957,5.961,5.941
34:12.1,350,6.6,24.976,287.855,6.151,5.904,6.176,5.934,5.965,5.931
34:12.1,350,6.6,25.011,287.664,6.149,5.916,6.161,5.929,5.958,5.922
34:12.2,350,6.6,24.998,290.338,6.112,5.911,6.134,5.935,5.935,5.928
34:12.2,350,6.6,24.953,292.566,6.119,5.89,6.14,5.916,5.933,5.904
34:12.2,350,6.6,24.94,295.303,6.107,5.865,6.107,5.885,5.902,5.887
34:12.2,350,6.6,24.933,299.95,6.094,5.853,6.128,5.862,5.897,5.874
34:12.2,350,6.6,24.946,300.777,6.098,5.87,6.126,5.889,5.925,5.86
34:12.3,350,6.5,24.94,300.65,6.083,5.872,6.124,5.892,5.892,5.867
34:12.3,350,6.6,24.976,299.568,6.105,5.894,6.089,5.902,5.902,5.873
34:12.3,350,6.6,24.933,295.239,6.107,5.877,6.112,5.871,5.9,5.887
34:12.3,350,6.6,24.953,294.539,6.098,5.874,6.102,5.885,5.899,5.884
34:12.3,350,6.6,24.937,294.603,6.093,5.87,6.096,5.883,5.879,5.853
34:12.4,350,6.5,24.894,293.966,6.094,5.856,6.108,5.87,5.905,5.867
34:12.4,350,6.5,24.972,294.857,6.059,5.87,6.076,5.852,5.879,5.861
34:12.4,350,6.5,24.875,297.213,6.07,5.833,6.086,5.835,5.878,5.841
34:12.4,350,6.5,24.891,298.295,6.065,5.825,6.072,5.862,5.865,5.844
34:12.4,350,6.5,24.972,300.014,6.03,5.837,6.069,5.85,5.866,5.85
34:12.5,350,6.5,24.914,301.414,6.047,5.831,6.065,5.844,5.856,5.835
34:12.5,350,6.5,24.878,298.868,6.062,5.841,6.094,5.861,5.896,5.852
34:12.5,350,6.5,24.933,296.003,6.035,5.855,6.074,5.844,5.88,5.845
34:12.5,350,6.5,24.888,295.048,6.038,5.843,6.065,5.848,5.861,5.833
34:12.5,350,6.5,24.872,294.348,6.061,5.824,6.069,5.817,5.868,5.831
34:12.6,350,6.5,24.872,296.131,6.031,5.779,6.054,5.802,5.816,5.784
34:12.6,350,6.5,24.862,300.205,5.998,5.76,6.028,5.765,5.815,5.768
34:12.6,350,6.5,24.898,299.95,6.026,5.773,6.034,5.771,5.805,5.765
34:12.6,350,6.5,24.898,300.968,6.022,5.801,6.023,5.796,5.809,5.79
34:12.6,350,6.5,24.901,300.332,6.008,5.813,6.033,5.806,5.822,5.785
34:12.7,350,6.5,24.829,297.213,6.018,5.816,6.039,5.828,5.856,5.809
34:12.7,350,6.5,24.875,294.603,6.02,5.815,6.022,5.825,5.846,5.839
34:12.7,350,6.5,24.878,292.375,6.02,5.821,6.033,5.809,5.852,5.811
34:12.7,350,6.5,24.868,290.21,6.029,5.822,6.043,5.84,5.865,5.817
34:12.7,350,6.5,24.868,286.9,6.018,5.818,6.035,5.834,5.861,5.839
34:12.8,350,6.5,24.946,286.646,6.011,5.837,6.031,5.868,5.854,5.829
34:12.8,350,6.5,24.842,288.301,6.02,5.842,6.026,5.838,5.876,5.8
34:12.8,350,6.5,24.868,286.073,6.028,5.833,6.043,5.824,5.871,5.826
34:12.8,350,6.5,24.868,286.2,6.028,5.835,6.047,5.847,5.846,5.864
34:12.8,350,6.5,24.917,286.264,6.014,5.829,6.038,5.863,5.876,5.811
34:12.9,350,6.5,24.836,282.572,6.039,5.839,6.034,5.841,5.873,5.848
34:12.9,350,6.5,24.865,284.099,6.007,5.833,6.035,5.827,5.877,5.831
34:12.9,350,6.5,24.862,283.527,6.029,5.842,6.043,5.846,5.844,5.854
34:12.9,350,6.5,24.81,284.927,6.04,5.835,6.04,5.855,5.872,5.821
34:12.9,350,6.5,24.888,283.972,6.022,5.828,6.029,5.861,5.855,5.857
34:13.0,350,6.5,24.846,285.245,6.013,5.852,6.027,5.852,5.873,5.835
34:13.0,350,6.5,24.839,283.908,6.028,5.822,6.045,5.833,5.873,5.827
34:13.0,350,6.5,24.859,282.635,6.026,5.857,6.045,5.853,5.859,5.861
34:13.0,350,6.5,24.852,284.29,6.011,5.839,6.043,5.855,5.855,5.848
34:13.0,350,6.5,24.849,284.481,6.029,5.844,6.044,5.847,5.885,5.865
34:13.1,350,6.5,24.859,283.59,6.03,5.861,6.041,5.87,5.859,5.85
34:13.1,350,6.5,24.816,285.373,6.017,5.852,6.06,5.863,5.879,5.824
34:13.1,350,6.5,24.803,283.336,6.012,5.831,6.047,5.864,5.857,5.869
34:13.1,350,6.5,24.846,284.036,5.989,5.861,6.026,5.862,5.853,5.85
34:13.2,350,6.5,24.833,284.099,6.026,5.844,6.051,5.837,5.87,5.839
34:13.2,350,6.5,24.914,283.336,6.025,5.841,6.041,5.863,5.856,5.86
34:13.2,350,6.5,24.842,284.481,6.025,5.86,6.031,5.843,5.889,5.828
34:13.2,350,6.5,24.829,284.481,6.011,5.832,6.039,5.846,5.875,5.837
34:13.2,350,6.5,24.862,284.227,6.023,5.841,6.031,5.864,5.868,5.865
34:13.3,350,6.5,24.829,283.972,6.013,5.854,6.043,5.849,5.864,5.852
34:13.3,350,6.5,24.849,284.099,6.002,5.838,6.033,5.848,5.868,5.839
34:13.3,350,6.5,24.797,283.336,6.026,5.831,6.042,5.829,5.881,5.861
34:13.3,350,6.5,24.933,283.272,6.015,5.848,6.022,5.866,5.857,5.857
34:13.3,350,6.5,24.797,283.336,6.005,5.829,6.041,5.841,5.894,5.828
34:13.4,350,6.5,24.784,283.717,6.031,5.835,6.034,5.847,5.879,5.85
34:13.4,350,6.5,24.911,284.036,6.031,5.846,6.024,5.851,5.856,5.862
34:13.4,350,6.5,24.868,283.845,5.993,5.841,6.03,5.876,5.861,5.855
34:13.4,350,6.5,24.823,283.845,6.026,5.838,6.025,5.83,5.873,5.834
34:13.4,350,6.5,24.872,284.927,6.019,5.819,6.05,5.844,5.852,5.853
34:13.5,350,6.5,24.82,283.908,6.002,5.831,6.015,5.857,5.872,5.852
34:13.5,350,6.5,24.803,284.609,5.996,5.844,6.025,5.861,5.873,5.844
34:13.5,350,6.5,24.826,284.863,6.006,5.851,6.026,5.841,5.852,5.827
34:13.5,350,6.5,24.781,283.781,6.018,5.825,6.018,5.818,5.854,5.834
34:13.5,350,6.5,24.849,284.736,5.997,5.82,6.03,5.818,5.82,5.826
34:13.6,350,6.4,24.81,292.057,5.98,5.766,6.002,5.765,5.767,5.8
34:13.6,350,6.4,24.79,296.958,5.981,5.722,5.99,5.724,5.77,5.735
34:13.6,350,6.4,24.823,298.74,5.959,5.714,5.973,5.722,5.756,5.73
34:13.6,350,6.4,24.823,298.486,5.937,5.73,5.963,5.728,5.755,5.721
34:13.6,350,6.4,24.758,297.977,5.942,5.722,5.981,5.738,5.773,5.737
34:13.7,350,6.4,24.82,297.34,5.943,5.742,5.968,5.756,5.755,5.728
34:13.7,350,6.4,24.79,296.322,5.937,5.758,5.961,5.765,5.77,5.737
34:13.7,350,6.4,24.716,294.412,5.953,5.74,5.957,5.72,5.763,5.714
34:13.7,350,6.4,24.774,293.584,5.954,5.722,5.978,5.748,5.765,5.727
34:13.7,350,6.4,24.797,295.048,5.944,5.739,5.97,5.75,5.75,5.755
34:13.8,350,6.4,24.794,293.33,5.943,5.727,5.945,5.726,5.744,5.727
34:13.8,350,6.4,24.771,297.213,5.946,5.678,5.951,5.696,5.757,5.705
34:13.8,350,6.4,24.842,299.122,5.924,5.703,5.918,5.725,5.705,5.709
34:13.8,350,6.4,24.784,298.422,5.918,5.694,5.933,5.702,5.735,5.7
34:13.8,350,6.4,24.771,298.359,5.93,5.696,5.941,5.72,5.744,5.697
34:13.9,350,6.4,24.79,295.94,5.934,5.729,5.931,5.726,5.744,5.73
34:13.9,350,6.4,24.774,296.449,5.912,5.701,5.943,5.709,5.768,5.713
34:13.9,350,6.4,24.781,295.367,5.901,5.716,5.924,5.738,5.731,5.714
34:13.9,350,6.4,24.732,293.903,5.937,5.702,5.959,5.718,5.756,5.721
34:13.9,350,6.4,24.768,292.757,5.927,5.709,5.949,5.727,5.737,5.748
34:14.0,350,6.4,24.816,292.057,5.926,5.714,5.918,5.729,5.744,5.71
34:14.0,350,6.4,24.758,291.802,5.919,5.714,5.95,5.705,5.743,5.722
34:14.0,350,6.4,24.764,289.319,5.905,5.722,5.941,5.727,5.74,5.721
34:14.0,350,6.4,24.784,290.083,5.909,5.717,5.933,5.752,5.75,5.722
34:14.0,350,6.4,24.713,288.555,5.915,5.714,5.924,5.74,5.751,5.72
34:14.1,350,6.4,24.693,285.373,5.925,5.717,5.938,5.723,5.772,5.708
34:14.1,350,6.4,24.755,283.463,5.909,5.711,5.929,5.735,5.748,5.749
34:14.1,350,6.4,24.745,284.609,5.908,5.74,5.934,5.726,5.751,5.721
34:14.1,350,6.4,24.703,283.59,5.91,5.711,5.928,5.727,5.77,5.723
34:14.1,350,6.4,24.713,281.935,5.925,5.738,5.926,5.742,5.751,5.75
34:14.2,350,6.4,24.79,283.208,5.904,5.712,5.93,5.746,5.744,5.737
34:14.2,350,6.4,24.713,282.954,5.911,5.742,5.933,5.72,5.77,5.731
34:14.2,350,6.4,24.739,283.145,5.929,5.728,5.956,5.727,5.76,5.716
34:14.2,350,6.4,24.703,281.553,5.918,5.714,5.939,5.728,5.759,5.749
34:14.2,350,6.4,24.729,281.935,5.912,5.724,5.931,5.759,5.744,5.731
34:14.3,350,6.4,24.729,282.126,5.926,5.735,5.911,5.722,5.765,5.718
34:14.3,350,6.4,24.68,283.145,5.926,5.731,5.927,5.733,5.755,5.739
34:14.3,350,6.4,24.703,281.999,5.907,5.711,5.926,5.725,5.736,5.707
34:14.3,350,6.3,24.719,284.672,5.876,5.696,5.918,5.684,5.732,5.694
34:14.3,350,6.3,24.696,289.447,5.888,5.661,5.902,5.681,5.681,5.67
34:14.4,350,6.3,24.722,294.666,5.877,5.638,5.876,5.67,5.668,5.657
34:14.4,350,6.3,24.748,296.067,5.855,5.619,5.878,5.645,5.679,5.64
34:14.4,350,6.3,24.706,295.685,5.87,5.64,5.887,5.66,5.687,5.638
34:14.4,350,6.3,24.7,295.367,5.859,5.642,5.879,5.669,5.656,5.66
34:14.4,350,6.3,24.79,295.94,5.859,5.66,5.863,5.678,5.676,5.657
34:14.5,350,6.3,24.758,295.558,5.881,5.658,5.905,5.659,5.698,5.656
34:14.5,350,6.3,24.732,292.884,5.876,5.676,5.896,5.68,5.693,5.677
34:14.5,350,6.3,24.729,294.412,5.866,5.664,5.874,5.687,5.676,5.676
34:14.5,350,6.3,24.68,293.011,5.881,5.66,5.89,5.668,5.714,5.664
34:14.5,350,6.3,24.68,291.611,5.878,5.642,5.885,5.666,5.69,5.676
34:14.6,350,6.3,24.693,292.12,5.859,5.676,5.889,5.682,5.691,5.677
34:14.6,350,6.3,24.677,290.147,5.86,5.668,5.883,5.687,5.687,5.683
34:14.6,350,6.3,24.706,291.229,5.87,5.664,5.891,5.683,5.707,5.67
34:14.6,350,6.3,24.683,290.465,5.875,5.656,5.872,5.669,5.711,5.677
34:14.6,350,6.3,24.713,288.683,5.86,5.686,5.878,5.694,5.699,5.678
34:14.7,350,6.3,24.732,289.574,5.868,5.692,5.874,5.702,5.672,5.664
34:14.7,350,6.3,24.674,288.937,5.865,5.674,5.874,5.677,5.685,5.679
34:14.7,350,6.3,24.716,287.792,5.901,5.677,5.893,5.678,5.697,5.674
34:14.7,350,6.3,24.68,287.664,5.846,5.672,5.874,5.692,5.699,5.691
34:14.8,350,6.3,24.722,285.118,5.852,5.662,5.883,5.666,5.692,5.662
34:14.8,350,6.3,24.661,286.9,5.869,5.657,5.878,5.666,5.72,5.66
34:14.8,350,6.3,24.696,285.755,5.863,5.654,5.883,5.686,5.697,5.694
34:14.8,350,6.3,24.745,286.264,5.868,5.678,5.878,5.685,5.703,5.675
34:14.8,350,6.3,24.719,285.245,5.852,5.687,5.877,5.664,5.716,5.672
34:14.9,350,6.3,24.635,283.717,5.873,5.655,5.873,5.681,5.724,5.683
34:14.9,350,6.3,24.693,283.463,5.879,5.685,5.889,5.703,5.689,5.686
34:14.9,350,6.3,24.674,283.972,5.846,5.695,5.887,5.69,5.703,5.68
34:14.9,350,6.3,24.631,281.68,5.878,5.661,5.909,5.683,5.727,5.668
34:14.9,350,6.3,24.68,281.808,5.857,5.661,5.9,5.687,5.696,5.694
34:15.0,350,6.3,24.651,281.999,5.844,5.7,5.875,5.706,5.701,5.675
34:15.0,350,6.3,24.664,281.617,5.875,5.681,5.876,5.697,5.711,5.686
34:15.0,350,6.3,24.7,282.19,5.873,5.669,5.881,5.674,5.707,5.691
34:15.0,350,6.3,24.693,283.336,5.85,5.695,5.865,5.683,5.7,5.681
34:15.0,350,6.3,24.7,284.8,5.87,5.665,5.898,5.668,5.709,5.675
34:15.1,350,6.3,24.732,283.717,5.866,5.687,5.882,5.687,5.713,5.687
34:15.1,350,6.3,24.696,284.29,5.853,5.668,5.902,5.69,5.715,5.668
34:15.1,350,6.3,24.709,284.481,5.852,5.679,5.898,5.672,5.709,5.645
34:15.1,350,6.3,24.709,284.29,5.854,5.663,5.875,5.692,5.7,5.688
34:15.1,350,6.3,24.726,284.609,5.855,5.679,5.871,5.716,5.689,5.653
34:15.2,350,6.3,24.693,284.099,5.855,5.668,5.882,5.666,5.717,5.669
34:15.2,350,6.3,24.716,282.763,5.846,5.669,5.865,5.683,5.685,5.682
34:15.2,350,6.3,24.709,286.964,5.853,5.685,5.889,5.692,5.694,5.674
34:15.2,350,6.3,24.68,285.945,5.852,5.668,5.874,5.678,5.696,5.675
34:15.2,350,6.3,24.589,282.699,5.861,5.641,5.87,5.66,5.674,5.669
34:15.3,350,6.3,24.492,279.58,5.815,5.544,5.822,5.595,5.588,5.638
34:15.3,350,6.3,24.41,279.389,5.737,5.492,5.783,5.488,5.554,5.494
34:15.3,350,6.2,24.384,279.325,5.676,5.469,5.695,5.483,5.459,5.505
34:15.3,350,6.1,24.287,287.219,5.634,5.373,5.661,5.403,5.433,5.423
34:15.3,350,6,24.219,288.301,5.586,5.373,5.635,5.391,5.387,5.357
34:15.4,350,6,24.076,278.498,5.552,5.308,5.581,5.343,5.355,5.348
34:15.4,350,5.9,24.069,273.405,5.472,5.268,5.516,5.283,5.295,5.27
34:15.4,350,5.9,24.017,270.604,5.44,5.196,5.466,5.231,5.229,5.255
34:15.4,350,5.8,23.836,272.832,5.412,5.168,5.442,5.174,5.212,5.175
34:15.4,350,5.8,23.849,269.968,5.333,5.134,5.335,5.147,5.155,5.164
34:15.5,350,5.7,23.693,266.785,5.274,5.029,5.308,5.071,5.094,5.07
34:15.5,350,5.6,23.615,273.787,5.213,5.001,5.239,5.016,5.023,5.022
34:15.5,350,5.6,23.634,275.315,5.157,4.951,5.181,4.971,4.986,4.977
34:15.5,350,5.5,23.469,274.997,5.101,4.882,5.142,4.904,4.916,4.897
34:15.5,350,5.5,23.4,269.713,5.03,4.827,5.055,4.829,4.862,4.867
34:15.6,350,5.4,23.3,269.522,4.988,4.778,5.031,4.797,4.824,4.803
34:15.6,350,5.4,23.222,269.522,4.94,4.713,4.962,4.742,4.767,4.725
34:15.6,350,5.3,23.134,262.965,4.853,4.642,4.875,4.691,4.693,4.713
34:15.6,350,5.2,23.02,265.321,4.805,4.614,4.85,4.623,4.654,4.619
34:15.6,350,5.2,22.949,265.384,4.788,4.557,4.802,4.586,4.597,4.568
34:15.7,350,5.1,22.91,261.31,4.701,4.507,4.737,4.546,4.537,4.58
34:15.7,350,5,22.809,254.308,4.662,4.453,4.688,4.456,4.504,4.466
34:15.7,350,5,22.718,255.963,4.615,4.409,4.631,4.432,4.465,4.413
34:15.7,350,5,22.621,255.963,4.595,4.38,4.597,4.404,4.408,4.432
34:15.8,350,4.9,22.543,250.361,4.523,4.289,4.555,4.329,4.345,4.33
34:15.8,350,4.8,22.449,249.534,4.442,4.243,4.469,4.256,4.291,4.26
34:15.8,350,4.7,22.371,257.746,4.395,4.209,4.413,4.248,4.241,4.243
34:15.8,350,4.7,22.355,256.982,4.331,4.145,4.341,4.172,4.166,4.2
34:15.8,350,4.6,22.231,252.589,4.259,4.083,4.312,4.114,4.136,4.107
34:15.9,350,4.6,22.163,252.971,4.241,4.037,4.255,4.072,4.057,4.061
34:15.9,350,4.5,22.085,252.844,4.185,3.998,4.202,4.026,4.044,4.055
34:15.9,350,4.5,21.949,245.842,4.15,3.933,4.197,3.957,3.99,3.949
34:15.9,350,4.4,21.848,240.176,4.087,3.922,4.106,3.917,3.928,3.922
34:15.9,350,4.4,21.777,241.513,4.054,3.837,4.078,3.886,3.898,3.872
34:16.0,350,4.3,21.744,240.813,3.989,3.8,4.043,3.82,3.848,3.822
34:16.0,350,4.3,21.673,237.439,3.943,3.75,3.941,3.785,3.783,3.792
34:16.0,350,4.2,21.526,237.503,3.904,3.687,3.915,3.716,3.72,3.728
34:16.0,350,4.2,21.478,243.105,3.844,3.663,3.877,3.675,3.702,3.664
34:16.0,350,4.1,21.494,239.476,3.771,3.602,3.829,3.639,3.616,3.64
34:16.1,350,4,21.192,235.466,3.767,3.533,3.791,3.566,3.617,3.572
34:16.1,350,4,21.208,234.193,3.67,3.526,3.739,3.528,3.574,3.522
34:16.1,350,4,21.205,231.646,3.666,3.477,3.701,3.522,3.509,3.481
34:16.1,350,3.9,21.02,228.018,3.613,3.409,3.657,3.432,3.488,3.427
34:16.1,350,3.9,20.984,230.182,3.547,3.389,3.589,3.396,3.41,3.42
34:16.2,350,3.8,20.932,233.683,3.541,3.344,3.555,3.357,3.377,3.338
34:16.2,350,3.8,20.802,232.028,3.479,3.289,3.528,3.32,3.35,3.306
34:16.2,350,3.7,20.75,226.427,3.414,3.242,3.45,3.283,3.292,3.253
34:16.2,350,3.6,20.695,224.644,3.379,3.203,3.413,3.222,3.235,3.218
34:16.2,350,3.6,20.565,229.928,3.349,3.134,3.358,3.173,3.211,3.184
34:16.3,350,3.6,20.529,229.928,3.266,3.112,3.316,3.138,3.151,3.138
34:16.3,350,3.5,20.445,225.663,3.228,3.049,3.273,3.072,3.092,3.085
34:16.3,350,3.5,20.341,225.663,3.214,3.011,3.237,3.055,3.067,3.031
34:16.3,350,3.4,20.211,225.026,3.134,2.964,3.197,3.006,3.022,2.998
34:16.3,350,3.4,20.205,214.586,3.11,2.923,3.119,2.958,2.955,2.963
34:16.4,350,3.3,20.104,215.796,3.071,2.893,3.094,2.895,2.932,2.886
34:16.4,350,3.3,20.016,220.888,3.01,2.903,3.057,2.867,2.894,2.88
34:16.4,350,3.3,19.954,218.215,2.999,2.873,3.015,2.819,2.858,2.838
34:16.4,350,3.2,19.867,212.931,2.918,2.825,2.976,2.799,2.802,2.769
34:16.4,350,3.1,19.808,209.43,2.871,2.817,2.908,2.761,2.749,2.76
34:16.5,350,3.1,19.711,211.786,2.882,2.641,2.886,2.717,2.712,2.724
34:16.5,350,3.1,19.639,208.666,2.808,2.602,2.849,2.65,2.695,2.646
34:16.5,350,3,19.555,205.674,2.747,2.598,2.794,2.641,2.621,2.652
34:16.5,350,2.9,19.412,210.067,2.745,2.537,2.766,2.584,2.612,2.601
34:16.5,350,2.9,19.347,208.221,2.714,2.549,2.741,2.546,2.585,2.528
34:16.6,350,2.9,19.289,203.319,2.64,2.426,2.672,2.521,2.508,2.537
34:16.6,350,2.8,19.162,203.446,2.633,2.422,2.653,2.463,2.49,2.481
34:16.6,350,2.8,19.139,207.966,2.567,2.41,2.604,2.419,2.445,2.419
34:16.6,350,2.7,19.074,204.338,2.53,2.354,2.55,2.415,2.394,2.427
34:16.6,350,2.7,18.925,199.818,2.507,2.308,2.537,2.341,2.38,2.341
34:16.7,350,2.7,18.841,201.155,2.439,2.331,2.484,2.319,2.335,2.302
34:16.7,350,2.7,18.818,201.791,2.421,2.314,2.445,2.313,2.287,2.293
34:16.7,350,2.6,18.659,196.126,2.404,2.237,2.43,2.25,2.28,2.235
34:16.7,350,2.6,18.652,194.535,2.314,2.257,2.353,2.213,2.225,2.192
34:16.7,350,2.5,18.538,195.489,2.323,2.19,2.331,2.194,2.187,2.187
34:16.8,350,2.5,18.422,199.945,2.287,2.153,2.321,2.139,2.162,2.143
34:16.8,350,2.5,18.373,193.771,2.212,2.094,2.259,2.115,2.11,2.105
34:16.8,350,2.4,18.269,190.015,2.206,2.076,2.236,2.063,2.087,2.063
34:16.8,350,2.4,18.191,195.871,2.167,2.034,2.185,2.024,2.069,2.019
34:16.8,350,2.3,18.171,194.216,2.12,2.021,2.161,2.004,2.011,2.015
34:16.9,350,2.3,18.016,186.832,2.103,1.911,2.129,1.972,1.993,1.944
34:16.9,350,2.2,17.944,188.487,2.067,1.944,2.085,1.95,1.955,1.898
34:16.9,350,2.2,17.834,190.015,2.041,1.865,2.063,1.898,1.917,1.913
34:16.9,350,2.2,17.817,186.896,1.988,1.835,2.005,1.878,1.888,1.859
34:16.9,350,2.1,17.684,183.395,1.963,1.781,1.989,1.826,1.837,1.817
34:17.0,350,2.1,17.577,184.922,1.92,1.798,1.95,1.802,1.804,1.827
34:17.0,350,2.1,17.506,186.259,1.907,1.703,1.913,1.755,1.794,1.757
34:17.0,350,2,17.496,183.777,1.847,1.64,1.88,1.72,1.765,1.697
34:17.0,350,2,17.447,180.721,1.804,1.657,1.826,1.7,1.701,1.715
34:17.0,350,1.9,17.291,182.503,1.808,1.62,1.819,1.665,1.694,1.658
34:17.1,350,1.9,17.204,182.503,1.757,1.598,1.766,1.621,1.638,1.611
34:17.1,350,1.9,17.145,180.721,1.694,1.535,1.736,1.596,1.607,1.599
34:17.1,350,1.8,17.074,179.639,1.688,1.524,1.696,1.572,1.576,1.556
34:17.1,350,1.8,16.97,180.212,1.657,1.513,1.686,1.529,1.556,1.507
34:17.2,350,1.8,16.833,170.536,1.612,1.465,1.647,1.517,1.525,1.491
34:17.2,350,1.7,16.762,168.626,1.589,1.461,1.614,1.482,1.485,1.47
34:17.2,350,1.7,16.733,170.536,1.576,1.403,1.603,1.448,1.445,1.441
34:17.2,350,1.7,16.681,169.645,1.542,1.4,1.565,1.439,1.44,1.414
34:17.2,350,1.7,16.574,166.462,1.504,1.387,1.535,1.408,1.391,1.387
34:17.3,350,1.6,16.427,167.162,1.482,1.326,1.516,1.363,1.39,1.329
34:17.3,350,1.6,16.44,168.817,1.455,1.328,1.477,1.334,1.345,1.327
34:17.3,350,1.6,16.288,166.908,1.435,1.298,1.441,1.322,1.31,1.306
34:17.3,350,1.5,16.255,163.216,1.379,1.233,1.421,1.265,1.296,1.242
34:17.3,350,1.5,16.135,164.998,1.349,1.225,1.394,1.257,1.276,1.231
34:17.4,350,1.5,16.038,166.016,1.356,1.198,1.359,1.231,1.216,1.242
34:17.4,350,1.4,15.904,163.406,1.316,1.166,1.335,1.178,1.207,1.19
34:17.4,350,1.4,15.956,158.823,1.292,1.147,1.305,1.171,1.186,1.159
34:17.4,350,1.4,15.765,159.396,1.259,1.11,1.271,1.166,1.149,1.152
34:17.4,350,1.4,15.602,159.269,1.249,1.089,1.282,1.118,1.153,1.112
34:17.5,350,1.3,15.628,151.375,1.201,1.068,1.233,1.103,1.1,1.083
34:17.5,350,1.3,15.505,152.903,1.178,1.04,1.218,1.072,1.082,1.078
34:17.5,350,1.3,15.437,154.495,1.184,1.026,1.201,1.053,1.083,1.043
34:17.5,350,1.2,15.424,150.93,1.133,1.016,1.164,1.049,1.055,1.022
34:17.5,350,1.2,15.365,145.583,1.121,0.948,1.16,1.014,1.009,1.027
34:17.6,350,1.2,15.294,151.439,1.091,0.947,1.127,0.965,1.014,0.969
34:17.6,350,1.2,15.294,151.312,1.073,0.957,1.101,0.953,0.98,0.956
34:17.6,350,1.1,15.06,149.466,1.052,0.907,1.075,0.962,0.953,0.923
34:17.6,350,1.1,14.963,146.474,1.014,0.895,1.043,0.919,0.927,0.87
34:17.6,350,1.1,14.937,145.965,0.986,0.868,1.032,0.892,0.931,0.893
34:17.7,350,1.1,14.846,147.11,0.995,0.838,1.025,0.883,0.892,0.858
34:17.7,350,1.1,14.719,143.1,0.96,0.819,0.992,0.843,0.894,0.832
34:17.7,350,1,14.726,140.681,0.94,0.8,0.948,0.851,0.832,0.847
34:17.7,350,1,14.602,141.127,0.932,0.795,0.938,0.81,0.844,0.793
34:17.7,350,1,14.462,140.872,0.887,0.779,0.921,0.797,0.831,0.79
34:17.8,350,0.9,14.42,136.161,0.873,0.744,0.899,0.787,0.798,0.782
34:17.8,350,0.9,14.336,137.88,0.86,0.707,0.888,0.754,0.799,0.727
34:17.8,350,0.9,14.206,140.681,0.869,0.714,0.874,0.742,0.777,0.722
34:17.8,350,0.9,14.131,135.78,0.823,0.682,0.849,0.711,0.737,0.736
34:17.8,350,0.9,14.063,132.278,0.811,0.63,0.832,0.692,0.724,0.678
34:17.9,350,0.8,13.975,133.106,0.509,0.384,0.756,0.591,0.646,0.614
34:17.9,350,0.6,13.93,135.27,0.37,0.279,0.573,0.531,0.498,0.525
34:17.9,350,0.6,13.829,138.517,0.469,0.336,0.525,0.452,0.475,0.443
34:17.9,350,0.7,13.8,136.798,0.502,0.385,0.504,0.419,0.447,0.404
34:17.9,350,0.7,13.719,131.96,0.504,0.423,0.499,0.439,0.438,0.416
34:18.0,350,0.7,13.563,123.685,0.514,0.397,0.538,0.444,0.436,0.406
34:18.0,350,0.7,13.521,122.794,0.475,0.376,0.517,0.382,0.426,0.378
34:18.0,350,0.7,13.417,122.03,0.461,0.337,0.48,0.397,0.393,0.382
34:18.0,350,0.6,13.284,128.714,0.432,0.305,0.49,0.358,0.395,0.354
34:18.0,350,0.6,13.31,128.65,0.429,0.326,0.456,0.385,0.381,0.329
34:18.1,350,0.6,13.157,127.25,0.421,0.305,0.449,0.343,0.366,0.326
34:18.1,350,0.6,13.085,127.504,0.412,0.308,0.432,0.339,0.362,0.321
34:18.1,350,0.6,13.011,123.621,0.401,0.305,0.421,0.336,0.356,0.326
34:18.1,350,0.6,12.923,116.683,0.397,0.294,0.411,0.317,0.336,0.298
34:18.1,350,0.6,12.891,114.9,0.37,0.276,0.399,0.305,0.314,0.283
34:18.2,350,0.6,12.852,116.555,0.378,0.278,0.406,0.293,0.324,0.269
34:18.2,350,0.6,12.689,121.202,0.38,0.256,0.403,0.296,0.315,0.262
34:18.2,350,0.6,12.663,116.301,0.362,0.252,0.383,0.293,0.283,0.285
34:18.2,350,0.5,12.52,112.099,0.365,0.228,0.378,0.26,0.287,0.237
34:18.2,350,0.5,12.494,113.754,0.323,0.261,0.352,0.28,0.291,0.247
34:18.3,350,0.5,12.41,113.309,0.345,0.226,0.364,0.257,0.276,0.254
34:18.3,350,0.5,12.241,108.153,0.324,0.215,0.349,0.238,0.273,0.215
34:18.3,350,0.5,12.212,108.089,0.313,0.23,0.328,0.256,0.248,0.239
34:18.3,350,0.5,12.092,109.298,0.326,0.217,0.335,0.237,0.256,0.234
34:18.3,350,0.5,12.049,110.19,0.296,0.201,0.328,0.241,0.235,0.204
34:18.4,350,0.5,11.936,103.569,0.279,0.187,0.313,0.222,0.234,0.215
34:18.4,350,0.5,11.825,104.46,0.302,0.189,0.309,0.198,0.225,0.196
34:18.4,350,0.5,11.926,107.898,0.283,0.196,0.285,0.2,0.217,0.2
34:18.4,350,0.5,11.751,103.633,0.315,0.154,0.304,0.198,0.218,0.193
34:18.5,350,0.5,11.799,101.15,0.254,0.162,0.291,0.176,0.214,0.169
34:18.5,350,0.4,11.712,99.814,0.258,0.165,0.274,0.191,0.197,0.168
34:18.5,350,0.5,11.432,102.551,0.279,0.143,0.289,0.182,0.213,0.161
34:18.5,350,0.4,11.562,98.349,0.233,0.173,0.263,0.197,0.187,0.161
34:18.5,350,0.4,11.387,95.23,0.247,0.158,0.271,0.182,0.182,0.142
34:18.5,350,0.4,11.25,99.75,0.241,0.148,0.27,0.164,0.191,0.163
34:18.6,350,0.4,11.156,98.604,0.231,0.135,0.26,0.18,0.172,0.159
34:18.6,350,0.4,11.049,95.103,0.229,0.121,0.237,0.158,0.178,0.131
34:18.6,350,0.4,11.004,93.257,0.208,0.123,0.234,0.153,0.159,0.159
34:18.6,350,0.4,10.893,94.657,0.228,0.125,0.254,0.152,0.176,0.126
34:18.6,350,0.4,10.844,95.867,0.199,0.122,0.226,0.154,0.151,0.134
34:18.7,350,0.4,10.773,90.838,0.196,0.095,0.228,0.128,0.149,0.115
34:18.7,350,0.4,10.669,92.302,0.184,0.108,0.222,0.138,0.156,0.095
34:18.7,350,0.4,10.614,92.493,0.194,0.107,0.211,0.134,0.13,0.13
34:18.7,350,0.4,10.516,88.801,0.18,0.08,0.205,0.114,0.152,0.086
34:18.8,350,0.3,10.464,85.427,0.161,0.101,0.188,0.132,0.12,0.111
34:18.8,350,0.3,10.328,87.528,0.2,0.083,0.204,0.104,0.138,0.113
34:18.8,350,0.4,10.305,90.456,0.171,0.095,0.18,0.132,0.11,0.097
34:18.8,350,0.3,10.175,83.263,0.187,0.046,0.187,0.111,0.113,0.087
34:18.8,350,0.3,10.13,81.735,0.138,0.066,0.182,0.091,0.121,0.093
34:18.9,350,0.3,10.097,83.581,0.156,0.069,0.17,0.111,0.105,0.088
34:18.9,350,0.3,9.948,85.873,0.162,0.065,0.184,0.095,0.118,0.071
34:18.9,350,0.3,9.886,79.698,0.14,0.059,0.156,0.102,0.11,0.066
34:18.9,350,0.3,9.799,79.443,0.155,0.046,0.17,0.085,0.102,0.048
34:18.9,350,0.3,9.799,82.69,0.14,0.061,0.161,0.083,0.108,0.075
34:19.0,350,0.3,9.63,77.534,0.132,0.04,0.158,0.063,0.1,0.053
34:19.0,350,0.3,9.532,74.033,0.127,0.049,0.156,0.069,0.097,0.036
34:19.0,350,0.3,9.435,77.152,0.142,0.043,0.159,0.084,0.096,0.067
34:19.0,350,0.3,9.396,78.616,0.13,0.033,0.158,0.074,0.102,0.028
34:19.0,350,0.3,9.285,73.778,0.109,0.03,0.128,0.069,0.058,0.065
34:19.1,350,0.3,9.204,71.996,0.124,0.015,0.153,0.072,0.096,0.041
34:19.1,350,0.3,9.087,74.669,0.115,0.044,0.135,0.063,0.082,0.036
34:19.1,350,0.3,9.009,75.306,0.113,0.015,0.132,0.063,0.078,0.058
34:19.1,350,0.3,8.996,70.213,0.086,0.028,0.117,0.069,0.061,0.023
34:19.1,350,0.3,8.847,68.304,0.115,0.015,0.124,0.059,0.062,0.061
34:19.2,350,0.3,8.811,75.051,0.103,0.017,0.133,0.041,0.08,0.034
34:19.2,350,0.3,8.769,68.685,0.094,0.017,0.11,0.049,0.051,0.037
34:19.2,350,0,8.568,65.694,0.1,0.013,0.126,0.039,0.068,0.017
34:19.2,350,0.3,8.561,65.503,0.092,0.02,0.117,0.059,0.058,0.018
34:19.2,350,0.3,8.399,68.24,0.1,0.006,0.121,0.041,0.065,0.03
34:19.3,350,0.3,8.454,65.63,0.078,0.013,0.103,0.033,0.039,0.032
34:19.3,350,0.3,8.324,61.556,0.097,0.001,0.121,0.035,0.049,0.026
34:19.3,350,0.3,8.142,65.312,0.085,0.015,0.117,0.033,0.063,0.01
34:19.3,350,0.3,8.188,62.447,0.078,0.01,0.1,0.037,0.045,0.019
34:19.3,350,0,8.012,59.392,0.063,0.01,0.098,0.019,0.027,0.002
34:19.4,350,0,8.035,59.646,0.067,0.017,0.093,0.032,0.033,0.02
34:19.4,350,0,7.879,62.574,0.075,0.007,0.11,0.015,0.042,0
34:19.4,350,0,7.804,62.256,0.074,0.02,0.095,0.028,0.032,0
34:19.4,350,0,7.733,56.909,0.063,0.009,0.081,0.017,0.037,0
34:19.4,350,0,7.701,58.5,0.061,0.021,0.078,0.009,0.033,-0.004
34:19.5,350,0,7.6,57.291,0.075,0.019,0.093,0.03,0.024,0.022
34:19.5,350,0,7.538,55.572,0.052,0.004,0.093,0.006,0.032,-0.026
34:19.5,350,0,7.411,52.007,0.06,0.017,0.08,0.025,0.028,-0.003
34:19.5,350,0,7.265,56.591,0.063,-0.008,0.082,0.006,0.046,-0.012
34:19.5,350,0,7.272,55.827,0.041,0.028,0.069,0.021,0.015,-0.008
34:19.6,350,0,7.119,51.944,0.078,0,0.085,-0.001,0.037,-0.01
34:19.6,350,0,7.083,52.389,0.039,0.023,0.063,0.023,0.009,-0.029
34:19.6,350,0,6.967,52.899,0.057,0.011,0.075,0.004,0.024,-0.02
34:19.6,350,0,6.885,52.58,0.028,0.01,0.061,0.008,0.022,-0.024
34:19.6,350,0,6.869,47.933,0.048,0.031,0.059,0.004,0.01,-0.021
34:19.7,350,0,6.703,52.198,0.038,0.011,0.066,0,0.024,-0.026
34:19.7,350,0,6.69,52.007,0.028,0.007,0.055,0.01,0.014,-0.011
34:19.7,350,0,6.587,47.615,0.021,0.007,0.061,0.001,0.017,-0.039
34:19.7,350,0,6.499,47.488,0.043,0.015,0.046,0.01,0.013,-0.007
34:19.7,350,0,6.418,50.161,0.072,0.005,0.057,0.004,0.023,-0.008
34:19.8,350,0,6.343,48.252,0.053,0.015,0.058,0.019,0.008,-0.031
34:19.8,350,0,6.272,42.332,0.067,0,0.048,-0.018,0.007,-0.013
34:19.8,350,0,6.216,44.56,0.063,0.02,0.049,0.014,0.021,-0.035
34:19.8,350,0,6.099,45.133,0.093,-0.017,0.054,0.008,0.01,-0.007
34:19.8,350,0,6.002,44.942,0.045,0.006,0.042,0,0.027,-0.041
34:19.9,350,0,6.038,40.613,0.007,0.026,0.031,0.03,-0.007,-0.006
34:19.9,350,0,5.817,44.114,0.007,0.021,0.067,-0.01,0.019,-0.037
34:19.9,350,0,5.823,43.286,-0.016,0.019,0.036,0.03,0.002,-0.022
34:19.9,350,0,5.674,39.021,0.011,-0.011,0.036,0.002,0.002,-0.009
34:19.9,350,0,5.645,39.467,-0.018,0.011,0.018,0.014,0.012,-0.006
34:20.0,350,0,5.521,40.931,0.025,0.018,0.044,0.006,0.02,-0.025
34:20.0,350,0,5.466,40.358,0.015,0.024,0.039,0.012,0.017,-0.017
34:20.0,350,0,5.339,35.584,0.007,0.016,0.036,-0.001,0.017,-0.03
34:20.0,350,0,5.261,36.157,0.002,0.011,0.026,0.026,0.007,-0.035
34:20.0,350,0,5.229,37.621,0.002,-0.004,0.038,0.01,0.019,-0.02
34:20.1,350,0,5.164,36.348,0.011,0.011,0.024,0.008,0.003,-0.043
34:20.1,350,0,5.089,34.056,0.009,0.002,0.02,0.002,0.014,-0.008
34:20.1,350,0,4.982,37.112,0,0.017,0.032,-0.002,0.02,-0.035
34:20.1,350,0,4.979,37.366,0.041,-0.001,0.03,0.024,-0.002,-0.011
34:20.1,350,0,4.739,33.738,0.008,-0.001,0.032,0.002,0.026,-0.035
34:20.2,350,0,4.748,32.783,0.021,0.024,0.01,0.035,0.006,-0.012
34:20.2,350,0,4.648,35.966,0.034,-0.013,0.032,-0.006,0.015,-0.03
34:20.2,350,0,4.615,34.056,0.009,0.011,0.02,0.019,0.007,-0.01
34:20.2,350,0,4.475,30.492,0.007,-0.002,0.012,0.003,0.01,-0.026
34:20.2,350,0,4.449,31.892,-0.005,0.015,0.011,0.002,0.013,-0.011
34:20.3,350,0,4.303,31.001,0.03,0.009,0.011,0.006,0.017,-0.023
34:20.3,350,0,4.232,26.863,-0.007,0.004,0.007,0.009,0.022,-0.015
34:20.3,350,0,4.118,24.19,0.015,0.009,0.011,0.003,0.02,-0.038
34:20.3,350,0,4.031,28.964,0.001,0.018,0.011,0.009,-0.003,-0.037
34:20.3,350,0,3.998,26.417,0.017,0.023,0.017,-0.008,0.018,-0.022
34:20.4,350,0,3.891,23.171,0.002,0.014,0.013,0.021,0.027,-0.048
34:20.4,350,0,3.813,21.834,-0.002,0.006,0.009,0.002,0.005,-0.005
34:20.4,350,0,3.712,26.29,0.001,0.02,0.015,0.006,0.034,-0.039
34:20.4,350,0,3.719,23.744,-0.004,0.013,0.004,0.013,0.006,-0.015
34:20.4,350,0,3.569,22.853,-0.015,0.013,0.017,-0.021,0.02,-0.024
34:20.5,350,0,3.521,22.789,-0.002,0.029,0.006,0.024,0.004,-0.016
34:20.5,350,0,3.371,23.362,0.021,0.011,0.026,-0.007,0.007,-0.026
34:20.5,350,0,3.374,20.434,-0.013,0.02,0.008,0.011,0.009,-0.013
34:20.5,350,0,3.225,18.397,0.014,0,0.021,0.005,0.006,-0.037
34:20.5,350,0,3.206,21.58,0.014,0.009,0.018,0.009,0.002,-0.02
34:20.6,350,0,3.131,21.134,0.015,0.013,0.015,0.018,0.017,-0.026
34:20.6,350,0,2.926,17.124,0.004,0.005,0.02,0.001,0.015,-0.037
34:20.6,350,0,2.968,16.487,0.001,0.005,0.007,-0.006,0.002,-0.009
34:20.6,350,0,2.832,20.179,-0.011,0.018,0.019,0,0.01,-0.035
34:20.6,350,0,2.764,16.551,0.009,0.021,0,0.014,0.001,0.008
34:20.7,350,0,2.666,13.559,0.023,0.004,0.024,0.002,0.02,-0.046
34:20.7,350,0,2.598,15.787,0.021,0.018,-0.003,0.024,0,-0.016
34:20.7,350,0,2.582,17.506,0.04,0.004,0.023,0.005,0.002,-0.012
34:20.7,350,0,2.478,15.532,0.014,0.024,0,0.017,0.001,-0.035
34:20.7,350,0,2.348,11.395,0.014,0.003,0.017,-0.003,0.011,-0.011
34:20.8,350,0,2.28,13.941,0.019,0.008,0.023,-0.008,0.019,-0.04
34:20.8,350,0,2.212,11.776,0.003,0.019,0.009,0.016,0.016,-0.029
34:20.8,350,0,2.124,8.403,0.015,0.001,0.02,0.002,0.013,-0.024
34:20.8,350,0,2.101,9.23,-0.006,0.019,0.009,0.004,0.004,-0.008
34:20.8,350,0,1.945,11.14,0.014,0.007,0.01,0.014,0.006,-0.024
34:20.9,350,0,1.809,8.976,0.032,-0.008,0.023,0.001,0.022,-0.017
34:20.9,350,0,1.835,4.774,0.02,0.03,0.015,0.015,0.015,-0.016
34:20.9,350,0,1.705,6.175,0.025,0.011,0.021,0.01,-0.012,-0.011
34:20.9,350,0,1.588,10.185,0.008,0.004,0.022,0.007,0.025,-0.022
34:21.0,350,0,1.543,4.201,0.01,0.017,0.006,0.025,0.01,-0.019
34:21.0,350,0,1.439,4.52,0.018,0.011,0.009,-0.004,0.014,-0.02
34:21.0,350,0,1.419,7.193,0.004,0.015,0.007,0.007,0.02,-0.015
34:21.0,350,0,1.289,5.283,0.03,0.023,0.023,0.006,0.015,-0.037
34:21.0,350,0,1.25,1.973,0.023,0.005,0.013,0.013,0.015,-0.025
34:21.1,350,0,1.172,3.437,0.018,0.002,0.009,0,0.006,-0.033
34:21.1,350,0,1.114,3.819,0.015,0.014,0.007,0.01,0,-0.03
34:21.1,350,0,0.926,-0.446,0.015,0.023,0.011,0.013,-0.004,0.005
34:21.1,350,0,0.89,-0.764,0.03,0,0.02,-0.008,0.023,-0.037
34:21.1,350,0,0.792,1.91,0.006,0.021,0.002,0.011,0.003,-0.003
34:21.2,350,0,0.747,1.273,0.015,0.009,0.024,-0.006,0.009,-0.015
34:21.2,350,0,0.646,1.4,0.002,0.013,0.007,0.006,0.015,-0.029
34:21.2,350,0,0.552,-0.191,0.007,0.005,0.007,0.006,-0.007,-0.012
34:21.2,350,0,0.442,1.4,-0.003,0.002,0.013,-0.009,0.031,-0.03
34:21.2,350,0,0.435,-3.501,-0.013,0.021,-0.002,0.021,-0.001,-0.017
34:21.3,350,0,0.302,-4.965,0.02,-0.007,0.017,-0.009,0.015,-0.009
34:21.3,350,0,0.244,-1.719,-0.002,0.016,0.006,0.017,0.01,-0.021
34:21.3,350,0,0.143,-3.501,-0.002,0.002,0.021,0.019,-0.004,-0.032
34:21.3,350,0,0.016,-6.557,-0.004,0.011,0.01,0,0.022,-0.074
34:21.3,350,0,0.01,-7.702,-0.002,0.007,0.009,0.013,0.002,-0.094
34:21.4,350,0,-0.058,-6.302,0.002,0.006,0.014,0.002,0.01,-0.126
34:21.4,350,0,-0.11,-8.912,0.016,0.012,0.013,0.023,0.007,-0.065
34:21.4,350,0,-0.244,-10.249,-0.011,0.009,0.017,0.009,0.009,0.074
34:21.4,350,0,-0.344,-8.912,0.011,0.007,0.004,0.018,-0.017,-0.087
